718650384, Seq
762464168, Seq
589764355, Clamp
762670171, Seq
855995182, Seq
742802894, Seq
765853817, Seq
848334636, Seq
642421456, Seq
708221753, Seq
517345160, Clamp
704652028, Seq
766131866, Seq
705624869, Seq
709186410, Seq
737488739, Seq
760068261, Seq
821863866, Seq
718654972, Seq
836796620, Seq
692635606, Seq
658089840, Seq
480090260, Clamp
755393467, Seq
697783972, Seq
804887526, Seq
568584929, Clamp
699495755, Seq
740868192, Seq
691703809, Seq
760368080, Seq
823868946, Seq
714701489, Seq
941981857, Seq
313861539, Clamp
752038334, Seq
527826878, Clamp
491038812, Clamp
795844214, Seq
956585158, Seq
674238265, Seq
490908575, Clamp
478111731, Clamp
794825421, Seq
750773551, Seq
753752257, Seq
753912409, Seq
479679997, Clamp
754781874, Seq
740329222, Seq
753654338, Seq
509881736, Clamp
667328279, Seq
486235288, Clamp
474283475, Clamp
657532988, Seq
906695884, Seq
639809582, Seq
716317136, Seq
672494596, Seq
476263004, Clamp
872162438, Seq
642110310, Seq
743495765, Seq
483061182, Clamp
766774177, Seq
730814458, Seq
649272757, Seq
569441208, Clamp
645072993, Seq
584073525, Clamp
921636603, Seq
674260498, Seq
831008218, Seq
867130068, Seq
653195941, Seq
583138568, Clamp
884085457, Seq
738709906, Seq
490382353, Clamp
972544409, Seq
479683481, Clamp
859943246, Seq
839101611, Seq
659934473, Seq
714086883, Seq
757526382, Seq
786406570, Seq
501848315, Clamp
722771889, Seq
764902707, Seq
626082009, Seq
713723052, Seq
491029832, Clamp
892633161, Seq
887200786, Seq
692290052, Seq
667490926, Seq
720598581, Seq
694126170, Seq
469800845, Clamp
742981509, Seq
695318015, Seq
509003464, Clamp
313862373, Clamp
325853048, Clamp
694689662, Seq
746108633, Seq
738753600, Seq
585948651, Clamp
479721491, Clamp
483068687, Clamp
821594273, Seq
644197464, Seq
640109830, Seq
808537562, Seq
850845944, Seq
477880128, Clamp
486111903, Clamp
500964358, Clamp
490173806, Clamp
514544971, Clamp
942821828, Seq
778230339, Seq
685611222, Seq
740401195, Seq
760297286, Seq
570010469, Clamp
656880843, Seq
396608557, Clamp
718022104, Seq
718831022, Seq
473564515, Clamp
560686477, Clamp
656901554, Seq
705217315, Seq
903959688, Seq
926816093, Seq
802366304, Seq
962291960, Seq
535708196, Clamp
751250310, Seq
692068557, Seq
863601427, Seq
487158599, Clamp
772000727, Seq
580612566, Clamp
705765534, Seq
639005493, Seq
809656263, Seq
758196105, Seq
701141837, Seq
919102928, Seq
727851191, Seq
718195284, Seq
847780734, Seq
515056927, Clamp
778302965, Seq
485838981, Clamp
843400612, Seq
636856236, Seq
754697892, Seq
866340188, Seq
502873181, Clamp
656165888, Seq
844069975, Seq
680863396, Seq
638782470, Seq
637379909, Seq
764896381, Seq
480643417, Clamp
724775685, Seq
704077752, Seq
558476932, Clamp
816020342, Seq
760003897, Seq
760285976, Seq
675026566, Seq
750824926, Seq
656977580, Seq
652956871, Seq
643722391, Seq
720186469, Seq
740649731, Seq
705649721, Seq
859633515, Seq
716330705, Seq
764890762, Seq
530325234, Clamp
743660435, Seq
859811797, Seq
488117124, Clamp
486509644, Clamp
863585604, Seq
388874977, Clamp
718474288, Seq
660049716, Seq
680804279, Seq
799810267, Seq
652959162, Seq
660894943, Seq
751269017, Seq
649270536, Seq
836844418, Seq
852435403, Seq
805406478, Seq
718257664, Seq
745565887, Seq
688115867, Seq
645016286, Seq
761768675, Seq
515188639, Clamp
658448573, Seq
808916170, Seq
651167896, Seq
861785444, Seq
562676370, Clamp
321019600, Clamp
526785742, Clamp
563535101, Clamp
760961855, Seq
851019376, Seq
750241663, Seq
861736319, Seq
561520050, Clamp
652786618, Seq
656948954, Seq
591442287, Clamp
488688344, Clamp
902007486, Seq
569809287, Clamp
475132727, Clamp
863669822, Seq
864317819, Seq
482910438, Clamp
650131308, Seq
653795917, Seq
650490253, Seq
859034131, Seq
685707450, Seq
640006296, Seq
517981878, Clamp
703270805, Seq
702124545, Seq
329557305, Clamp
329241587, Clamp
679895974, Seq
675025032, Seq
718849411, Seq
817176599, Seq
640317055, Seq
697976084, Seq
693044296, Seq
758263959, Seq
626069976, Seq
325471170, Clamp
742054277, Seq
992272581, Seq
679578958, Seq
792728913, Seq
639965232, Seq
831175106, Seq
870715372, Seq
759961376, Seq
889218836, Seq
824015947, Seq
709332066, Seq
760936541, Seq
786024665, Seq
813407209, Seq
760988201, Seq
657725630, Seq
767241070, Seq
668464797, Seq
491031969, Clamp
754487624, Seq
894551006, Seq
761325810, Seq
848639578, Seq
844269667, Seq
855489548, Seq
679920275, Seq
992015950, Seq
313861677, Clamp
753733790, Seq
892424416, Seq
780471774, Seq
688151821, Seq
580507567, Clamp
743022239, Seq
639893239, Seq
743402684, Seq
370351753, Clamp
739710455, Seq
661422439, Seq
565480987, Clamp
892421732, Seq
753979676, Seq
565213849, Clamp
668265140, Seq
645320752, Seq
830877894, Seq
726997146, Seq
754497427, Seq
658418858, Seq
831094628, Seq
490746462, Clamp
642827810, Seq
679932490, Seq
843400687, Seq
858966539, Seq
952669499, Seq
694226486, Seq
593453795, Clamp
902244790, Seq
714755043, Seq
644848057, Seq
764506604, Seq
799837018, Seq
509683388, Clamp
547344442, Clamp
484564503, Clamp
743675437, Seq
737459574, Seq
627883518, Seq
573699831, Clamp
747047415, Seq
761758704, Seq
834703384, Seq
689279957, Seq
650128484, Seq
649008116, Seq
935853908, Seq
809110485, Seq
513593674, Clamp
644919300, Seq
740859532, Seq
704760377, Seq
830927118, Seq
753896151, Seq
676768413, Seq
742049511, Seq
800309884, Seq
756604961, Seq
668444309, Seq
815971588, Seq
751349800, Seq
778223898, Seq
685624703, Seq
569749430, Clamp
817935092, Seq
740732467, Seq
501014504, Clamp
442627661, Clamp
834552438, Seq
766628006, Seq
660722612, Seq
475744706, Clamp
694717281, Seq
853863910, Seq
800238310, Seq
755579326, Seq
804963913, Seq
667478348, Seq
692808080, Seq
758112844, Seq
713886995, Seq
771995268, Seq
741816227, Seq
753861026, Seq
741187985, Seq
714493051, Seq
482649712, Clamp
639979263, Seq
314804042, Clamp
481136138, Clamp
488467273, Clamp
887226062, Seq
643518188, Seq
639796648, Seq
805486350, Seq
647103728, Seq
703565134, Seq
466378900, Clamp
554779051, Clamp
504605677, Clamp
745607913, Seq
753866455, Seq
598628992, Clamp
601803754, Seq
733483384, Seq
640315859, Seq
772635359, Seq
475047891, Clamp
842157658, Seq
481003643, Clamp
478888052, Clamp
703610080, Seq
808237844, Seq
569317896, Clamp
714755572, Seq
821774757, Seq
530335449, Clamp
992830071, Seq
569703486, Clamp
318362027, Clamp
653326966, Seq
395830185, Clamp
329554301, Clamp
750461846, Seq
526643573, Clamp
838538073, Seq
779801478, Seq
478497530, Clamp
502267531, Clamp
501023852, Clamp
488440436, Clamp
468120757, Clamp
747028527, Seq
779693640, Seq
750472575, Seq
921602017, Seq
716562206, Seq
585951863, Clamp
583141979, Clamp
772726951, Seq
825512557, Seq
717700352, Seq
956571115, Seq
717546699, Seq
475049291, Clamp
768728384, Seq
691670691, Seq
703512183, Seq
327644217, Clamp
694437359, Seq
510715606, Clamp
813489616, Seq
711903629, Seq
704462624, Seq
739680146, Seq
765970060, Seq
740675145, Seq
612271508, Seq
804957376, Seq
487667205, Clamp
761344520, Seq
711245238, Seq
714904858, Seq
741313892, Seq
638176297, Seq
740154931, Seq
846830517, Seq
788980414, Seq
639216491, Seq
566673170, Clamp
750465525, Seq
659147142, Seq
654689557, Seq
845631631, Seq
764898234, Seq
859062972, Seq
333604946, Clamp
769973864, Seq
847073570, Seq
328015342, Clamp
740094065, Seq
475892238, Clamp
733623288, Seq
806658697, Seq
515315072, Clamp
750783593, Seq
832036433, Seq
657054571, Seq
682143357, Seq
716718684, Seq
837641396, Seq
993542260, Seq
697804445, Seq
859075920, Seq
745746097, Seq
832070039, Seq
743688686, Seq
669165270, Seq
799776604, Seq
810310510, Seq
593709955, Clamp
488504814, Clamp
737232125, Seq
639390023, Seq
756549723, Seq
491026389, Clamp
658477694, Seq
659550641, Seq
674420128, Seq
838643565, Seq
718886619, Seq
941859781, Seq
772584433, Seq
803595339, Seq
692044280, Seq
813455496, Seq
692783767, Seq
746219670, Seq
329550277, Clamp
698586385, Seq
586074009, Clamp
871888742, Seq
592819166, Clamp
678632250, Seq
892495532, Seq
593253205, Clamp
502647640, Clamp
772126576, Seq
606308411, Seq
716729379, Seq
761839460, Seq
476751360, Clamp
921827908, Seq
701630221, Seq
674588640, Seq
661492805, Seq
728775889, Seq
753811240, Seq
812945358, Seq
809113087, Seq
705657401, Seq
500864898, Clamp
480114344, Clamp
642266392, Seq
772735561, Seq
490789494, Clamp
645000287, Seq
901445875, Seq
569278799, Clamp
736834462, Seq
608108585, Clamp
476178907, Clamp
710920450, Seq
922613228, Seq
728439603, Seq
769472672, Seq
731300491, Seq
356237593, Clamp
714936352, Seq
700193566, Seq
605160536, Seq
565809656, Clamp
501022658, Clamp
873587758, Seq
324065524, Clamp
639861972, Seq
566563603, Clamp
739810705, Seq
858958151, Seq
744118785, Seq
763855721, Seq
653025550, Seq
805672040, Seq
656722097, Seq
691433482, Seq
563248177, Clamp
846902552, Seq
899693578, Seq
657926790, Seq
861740206, Seq
666178937, Seq
738651575, Seq
501798889, Clamp
656859689, Seq
757575885, Seq
901426259, Seq
809822469, Seq
589118831, Clamp
465924786, Clamp
701140434, Seq
701152294, Seq
706265097, Seq
724810970, Seq
466114829, Clamp
638366507, Seq
797664123, Seq
764484965, Seq
526946778, Clamp
486557574, Clamp
707162377, Seq
769968202, Seq
609713212, Clamp
642817252, Seq
716864944, Seq
892393060, Seq
639695961, Seq
599170940, Clamp
855351025, Seq
561792152, Clamp
683466180, Seq
657039903, Seq
396650742, Clamp
694478454, Seq
759751429, Seq
709323717, Seq
800219294, Seq
732708277, Seq
888352025, Seq
896492921, Seq
743062074, Seq
865553957, Seq
653232374, Seq
849607183, Seq
788272042, Seq
769954349, Seq
844766827, Seq
486175203, Clamp
509620929, Clamp
718188717, Seq
689656936, Seq
787248677, Seq
558615201, Clamp
729270635, Seq
657673212, Seq
515202564, Clamp
514825708, Clamp
808279213, Seq
685742609, Seq
1003336938, Seq
481018305, Clamp
658411218, Seq
722737371, Seq
764929763, Seq
601506507, Seq
750189292, Seq
476054887, Clamp
480011594, Clamp
478107198, Clamp
760973561, Seq
478716304, Clamp
737412666, Seq
718177320, Seq
717637005, Seq
697795277, Seq
324025371, Clamp
485058595, Clamp
708766941, Seq
740373591, Seq
923008740, Seq
565778331, Clamp
501562903, Clamp
753963699, Seq
557417271, Clamp
688133015, Seq
648594299, Seq
727336328, Seq
740875222, Seq
658139862, Seq
717412114, Seq
323475862, Clamp
920529583, Seq
747050694, Seq
637866154, Seq
669166845, Seq
887156236, Seq
642568816, Seq
560924223, Clamp
370694659, Clamp
815474594, Seq
757885358, Seq
509005331, Clamp
691547521, Seq
756412962, Seq
745650081, Seq
755385868, Seq
522418855, Clamp
741835406, Seq
842904923, Seq
921964597, Seq
562003142, Clamp
786272796, Seq
760995868, Seq
693069559, Seq
692300498, Seq
321708130, Clamp
640006232, Seq
667496244, Seq
672812091, Seq
858114857, Seq
658068133, Seq
754848460, Seq
739578795, Seq
742954319, Seq
333785935, Clamp
936051186, Seq
736485304, Seq
718654456, Seq
819793287, Seq
846791401, Seq
817996096, Seq
681586118, Seq
581153862, Clamp
750786577, Seq
847834091, Seq
561533860, Clamp
476216637, Clamp
318733871, Clamp
661408488, Seq
761297232, Seq
488679042, Clamp
797652145, Seq
971545681, Seq
660454584, Seq
704394422, Seq
710332099, Seq
1003313398, Seq
720684671, Seq
558612809, Clamp
817204569, Seq
707297335, Seq
666030065, Seq
484737013, Clamp
871782504, Seq
580537822, Clamp
714007445, Seq
837594867, Seq
715063865, Seq
750400315, Seq
777422846, Seq
940073869, Seq
925168858, Seq
646786083, Seq
741742636, Seq
760018980, Seq
837672173, Seq
489259263, Clamp
778312374, Seq
643915906, Seq
642557052, Seq
892598316, Seq
785991050, Seq
889337361, Seq
705817510, Seq
648094111, Seq
753707847, Seq
794843709, Seq
637846989, Seq
657676265, Seq
558472698, Clamp
658951514, Seq
736490818, Seq
842835342, Seq
715082693, Seq
481136214, Clamp
313862134, Clamp
746230941, Seq
476457450, Clamp
855798106, Seq
866284232, Seq
585925172, Clamp
788296224, Seq
761000395, Seq
685656286, Seq
547616623, Clamp
729233190, Seq
731709424, Seq
648004256, Seq
501847931, Clamp
746086313, Seq
833896435, Seq
555088069, Clamp
858981986, Seq
764899933, Seq
738442715, Seq
480999763, Clamp
777065589, Seq
584495731, Clamp
788418848, Seq
772129772, Seq
674247723, Seq
718645405, Seq
708298763, Seq
809691801, Seq
313862022, Clamp
744211669, Seq
779864499, Seq
685762610, Seq
322274121, Clamp
848278944, Seq
504643398, Clamp
688086402, Seq
779708399, Seq
314800921, Clamp
485956826, Clamp
741191450, Seq
522257166, Clamp
713806196, Seq
489885173, Clamp
539742766, Clamp
586073850, Clamp
830358028, Seq
645009607, Seq
863576873, Seq
652551506, Seq
759684939, Seq
855996205, Seq
601808698, Seq
557992635, Clamp
755326644, Seq
685670163, Seq
728772052, Seq
513510227, Clamp
898973149, Seq
764922700, Seq
740885249, Seq
658097786, Seq
490387590, Clamp
566506157, Clamp
626158872, Clamp
715159651, Seq
670607755, Seq
745094310, Seq
720692646, Seq
919883526, Seq
750783451, Seq
772121959, Seq
555042715, Clamp
482516713, Clamp
741269223, Seq
717702263, Seq
652810984, Seq
743803413, Seq
680100714, Seq
673769249, Seq
889183564, Seq
396903227, Clamp
745633800, Seq
500894271, Clamp
563350008, Clamp
736493111, Seq
750346902, Seq
613432876, Seq
709329028, Seq
705109441, Seq
858374478, Seq
570932768, Clamp
639212193, Seq
602231708, Seq
743600920, Seq
724790044, Seq
724191966, Seq
656912028, Seq
569739534, Clamp
912918179, Seq
828847827, Seq
570438732, Clamp
839288464, Seq
515296303, Clamp
740780456, Seq
755620558, Seq
572996777, Clamp
912289883, Seq
614728680, Seq
797113792, Seq
341442651, Clamp
741988310, Seq
487661754, Clamp
907450664, Seq
759521920, Seq
720269533, Seq
956084807, Seq
566466395, Clamp
554454165, Clamp
694664060, Seq
829227158, Seq
574059157, Clamp
506777471, Clamp
809831818, Seq
759443215, Seq
674566874, Seq
803472146, Seq
651151937, Seq
759761472, Seq
761529201, Seq
720288904, Seq
740673680, Seq
757531718, Seq
490729633, Clamp
761516369, Seq
623326230, Seq
660704050, Seq
850885484, Seq
760313302, Seq
667473084, Seq
563796500, Clamp
692161037, Seq
806827062, Seq
709453221, Seq
797062169, Seq
476266853, Clamp
827524052, Seq
656860694, Seq
665178360, Seq
682145219, Seq
510451636, Clamp
583145374, Clamp
713288327, Seq
758206804, Seq
946190769, Seq
674240849, Seq
488426904, Clamp
471077468, Clamp
802987298, Seq
670340941, Seq
661422469, Seq
715036882, Seq
858254874, Seq
745083091, Seq
653196359, Seq
569270348, Clamp
605631509, Clamp
762463942, Seq
779839858, Seq
484742372, Clamp
439372920, Clamp
844104102, Seq
477879512, Clamp
643754730, Seq
647811305, Seq
467003163, Clamp
913968022, Seq
741835561, Seq
720232438, Seq
480647923, Clamp
705663823, Seq
859050969, Seq
592833901, Clamp
716760772, Seq
738680960, Seq
720170155, Seq
594047832, Clamp
645375521, Seq
659012847, Seq
834588446, Seq
805516815, Seq
659389644, Seq
810585028, Seq
515949222, Clamp
779879349, Seq
703267355, Seq
745740295, Seq
805442497, Seq
718877932, Seq
658139545, Seq
656718798, Seq
583426723, Clamp
825221851, Seq
585955070, Clamp
726081520, Seq
485836906, Clamp
439024551, Clamp
659141131, Seq
728568706, Seq
679525324, Seq
669165397, Seq
697810231, Seq
502383543, Clamp
526531616, Clamp
723478039, Seq
857264868, Seq
742768716, Seq
623415197, Seq
743752095, Seq
589755198, Clamp
718564349, Seq
718205473, Seq
750807290, Seq
720167778, Seq
596808392, Clamp
839571159, Seq
661189529, Seq
563353582, Clamp
863607236, Seq
698234075, Seq
396369826, Clamp
855835410, Seq
762615287, Seq
500964382, Clamp
803582166, Seq
469661756, Clamp
772422057, Seq
740100200, Seq
666219578, Seq
475515168, Clamp
667493822, Seq
650156059, Seq
750242249, Seq
896877084, Seq
780026116, Seq
488380827, Clamp
846830932, Seq
713768156, Seq
718494231, Seq
720580383, Seq
467357834, Clamp
673047103, Seq
818723197, Seq
469832490, Clamp
642496703, Seq
591265629, Clamp
476557750, Clamp
839118679, Seq
682351876, Seq
716846733, Seq
867084496, Seq
907492272, Seq
865561071, Seq
760315920, Seq
658279826, Seq
827573535, Seq
642227568, Seq
422055317, Clamp
661542876, Seq
738043822, Seq
488230133, Clamp
772000472, Seq
484744867, Clamp
962318687, Seq
645057881, Seq
858971683, Seq
599393756, Clamp
817069639, Seq
683811000, Seq
825567515, Seq
706289784, Seq
652809932, Seq
861765455, Seq
576336240, Clamp
734717687, Seq
564425006, Clamp
657857908, Seq
555001065, Clamp
647103067, Seq
723947788, Seq
915479566, Seq
570081024, Clamp
858115178, Seq
742960975, Seq
665129920, Seq
475517090, Clamp
743805049, Seq
566761793, Clamp
720163722, Seq
666141992, Seq
736330755, Seq
731877396, Seq
809070689, Seq
898559010, Seq
809338969, Seq
786228558, Seq
566463606, Clamp
800243308, Seq
858312027, Seq
863628227, Seq
865523965, Seq
821813629, Seq
718128873, Seq
649387936, Seq
527104986, Clamp
657184390, Seq
674495385, Seq
763384222, Seq
486029942, Clamp
564408650, Clamp
659904738, Seq
639671955, Seq
830434392, Seq
518290966, Clamp
803616879, Seq
682158525, Seq
503517607, Clamp
788925925, Seq
746035693, Seq
657185355, Seq
623434306, Seq
812989401, Seq
469798159, Clamp
490558274, Clamp
772552941, Seq
490790207, Clamp
762651966, Seq
824867588, Seq
804977071, Seq
757205480, Seq
639824809, Seq
935032340, Seq
718205957, Seq
667163821, Seq
479993900, Clamp
464326158, Clamp
875116973, Seq
845642773, Seq
320207387, Clamp
741977538, Seq
720207494, Seq
724157826, Seq
964019012, Seq
763371551, Seq
804817611, Seq
656705665, Seq
678626969, Seq
606098116, Seq
794948976, Seq
842841654, Seq
855286191, Seq
751217510, Seq
645436635, Seq
582641339, Clamp
648232114, Seq
729421693, Seq
485889190, Clamp
805633762, Seq
854401571, Seq
799897224, Seq
481127348, Clamp
724160581, Seq
795572344, Seq
728792260, Seq
740873391, Seq
750205228, Seq
502260112, Clamp
627881581, Seq
483018019, Clamp
769765483, Seq
829195312, Seq
740134859, Seq
560579320, Clamp
719945075, Seq
819722973, Seq
805641992, Seq
659485385, Seq
476562817, Clamp
873910521, Seq
653031656, Seq
653677436, Seq
941824942, Seq
805522589, Seq
746039674, Seq
689791001, Seq
831087383, Seq
772517332, Seq
508987256, Clamp
695432655, Seq
585753841, Clamp
488420599, Clamp
742776680, Seq
612893105, Seq
583312391, Clamp
714701049, Seq
836529968, Seq
818741456, Seq
834073873, Seq
705858348, Seq
486239338, Clamp
657861355, Seq
513531471, Clamp
554443833, Clamp
572609108, Clamp
522147522, Clamp
913901697, Seq
686334676, Seq
699448311, Seq
906699758, Seq
736887426, Seq
715148321, Seq
935671381, Seq
817981788, Seq
502887600, Clamp
751325916, Seq
637365495, Seq
479704527, Clamp
740177517, Seq
734747421, Seq
661496177, Seq
569295876, Clamp
568790226, Clamp
501570114, Clamp
323501938, Clamp
695422181, Seq
703288237, Seq
818757727, Seq
834814319, Seq
898885944, Seq
585740198, Clamp
397353539, Clamp
708712664, Seq
670534322, Seq
973374503, Seq
759537975, Seq
743497097, Seq
740387306, Seq
703570927, Seq
810317285, Seq
583719952, Clamp
973468035, Seq
486921382, Clamp
477135941, Clamp
656857860, Seq
992004587, Seq
464079491, Clamp
469610831, Clamp
557874460, Clamp
501566512, Clamp
809649556, Seq
660465823, Seq
935870377, Seq
569494755, Clamp
685632174, Seq
841185744, Seq
650133296, Seq
649666842, Seq
659436153, Seq
904094833, Seq
745765149, Seq
652920433, Seq
573322633, Clamp
719547130, Seq
741270123, Seq
679028081, Seq
759697468, Seq
767257549, Seq
760552500, Seq
806835868, Seq
688175350, Seq
901179274, Seq
650402689, Seq
547336671, Clamp
806658494, Seq
645075086, Seq
670329639, Seq
487659462, Clamp
481003593, Clamp
795758408, Seq
657862091, Seq
700674095, Seq
912301547, Seq
792729067, Seq
740359521, Seq
696059326, Seq
674582479, Seq
862412491, Seq
778283999, Seq
669072736, Seq
752076719, Seq
722931053, Seq
841842315, Seq
760986187, Seq
841718359, Seq
658019448, Seq
583403073, Clamp
753716937, Seq
809091190, Seq
992260209, Seq
711572656, Seq
646995247, Seq
583141894, Clamp
480952106, Clamp
639860893, Seq
710757677, Seq
803047064, Seq
471758398, Clamp
772685363, Seq
486514107, Clamp
490171952, Clamp
760050336, Seq
669495116, Seq
815506078, Seq
716506444, Seq
828684036, Seq
855448972, Seq
691750677, Seq
766224440, Seq
490149337, Clamp
500862585, Clamp
515524026, Clamp
539014038, Clamp
777417788, Seq
501951290, Clamp
715056519, Seq
679899997, Seq
321023397, Clamp
750261373, Seq
816434177, Seq
750415413, Seq
716832846, Seq
741170308, Seq
730796336, Seq
658073734, Seq
479711015, Clamp
759565899, Seq
701073396, Seq
920542161, Seq
794870097, Seq
802403087, Seq
704745296, Seq
466800233, Clamp
538866343, Clamp
855401446, Seq
522696638, Clamp
623945953, Seq
648609504, Seq
778194586, Seq
657945461, Seq
750378044, Seq
639708328, Seq
473909767, Clamp
709454254, Seq
710755730, Seq
855255710, Seq
712133949, Seq
803417493, Seq
678708308, Seq
827448258, Seq
830931279, Seq
643702874, Seq
844291076, Seq
820693888, Seq
797680651, Seq
809668930, Seq
682332013, Seq
697582111, Seq
485905411, Clamp
570428636, Clamp
861769605, Seq
704531371, Seq
643648707, Seq
823702943, Seq
760834631, Seq
566475818, Clamp
321906005, Clamp
859107907, Seq
660717471, Seq
476686112, Clamp
892663291, Seq
503582237, Clamp
754893997, Seq
750805111, Seq
821845429, Seq
888302168, Seq
888266815, Seq
705875798, Seq
639881631, Seq
718643723, Seq
823810521, Seq
471143169, Clamp
805644302, Seq
788356140, Seq
485455285, Clamp
992256615, Seq
703192181, Seq
992440592, Seq
889504506, Seq
730789905, Seq
820754704, Seq
778178321, Seq
718135969, Seq
795865710, Seq
488677994, Clamp
825525063, Seq
577218818, Clamp
759726741, Seq
741202597, Seq
824701767, Seq
727204460, Seq
718257716, Seq
844299535, Seq
919085315, Seq
679883928, Seq
891721942, Seq
817999859, Seq
844870606, Seq
516327568, Clamp
866999931, Seq
859767167, Seq
740187454, Seq
761516658, Seq
825311020, Seq
683870933, Seq
787261865, Seq
853882442, Seq
716591702, Seq
736800747, Seq
797571819, Seq
941868688, Seq
710188363, Seq
509516379, Clamp
802993865, Seq
759927422, Seq
740384583, Seq
673427380, Seq
812951117, Seq
740819727, Seq
471129934, Clamp
313861411, Clamp
803407199, Seq
805548626, Seq
762763201, Seq
642832129, Seq
563220620, Clamp
740099887, Seq
476099282, Clamp
727068669, Seq
588697518, Clamp
724655827, Seq
889697323, Seq
708513415, Seq
788325819, Seq
523478869, Clamp
711577762, Seq
535520969, Clamp
485061364, Clamp
484679812, Clamp
669661960, Seq
579627022, Clamp
709459537, Seq
1003321825, Seq
728786009, Seq
759959997, Seq
562630201, Clamp
692310663, Seq
680964142, Seq
556923554, Clamp
795749753, Seq
700470340, Seq
766186881, Seq
923013541, Seq
764040865, Seq
836583770, Seq
480121089, Clamp
704728420, Seq
697571041, Seq
321704734, Clamp
700264920, Seq
571255047, Clamp
523205934, Clamp
685348280, Seq
723597336, Seq
718647510, Seq
914428552, Seq
694420603, Seq
505476170, Clamp
867017156, Seq
469704261, Clamp
746127771, Seq
850989981, Seq
709423277, Seq
674221323, Seq
674126167, Seq
766026327, Seq
803561499, Seq
691673416, Seq
945093559, Seq
466271455, Clamp
575637715, Clamp
386049446, Clamp
815437322, Seq
738768160, Seq
740110275, Seq
730859444, Seq
475586130, Clamp
570924514, Clamp
914257903, Seq
992822944, Seq
718873091, Seq
517353438, Clamp
934763366, Seq
692846027, Seq
676767745, Seq
855867051, Seq
508276760, Clamp
975296528, Seq
759945868, Seq
760016133, Seq
659413500, Seq
744249573, Seq
522108467, Clamp
679590711, Seq
652313391, Seq
805587743, Seq
510114363, Clamp
720734428, Seq
710767527, Seq
644917900, Seq
858255768, Seq
673132928, Seq
682156144, Seq
729148452, Seq
515059388, Clamp
758147742, Seq
760813815, Seq
855357345, Seq
921567217, Seq
742956744, Seq
821771315, Seq
859655391, Seq
711770582, Seq
760846847, Seq
826739825, Seq
745631770, Seq
708659517, Seq
760268259, Seq
518750800, Clamp
526950199, Clamp
705209114, Seq
845511567, Seq
516838734, Clamp
692777508, Seq
815553140, Seq
757898117, Seq
739710318, Seq
726357452, Seq
727327912, Seq
817073927, Seq
486052980, Clamp
680800589, Seq
753702748, Seq
711477649, Seq
760316107, Seq
844766690, Seq
766121807, Seq
739761814, Seq
846950551, Seq
864227775, Seq
697328468, Seq
778301240, Seq
480714960, Clamp
720346274, Seq
795727879, Seq
753798363, Seq
737181466, Seq
976909067, Seq
747025421, Seq
731651186, Seq
742768656, Seq
516881226, Clamp
703274690, Seq
889266673, Seq
692839208, Seq
823253200, Seq
519751607, Clamp
658403531, Seq
326737743, Clamp
502667140, Clamp
800245677, Seq
824909637, Seq
595511209, Clamp
844989066, Seq
906724091, Seq
731349026, Seq
682176818, Seq
711202068, Seq
763014609, Seq
561553133, Clamp
958373468, Seq
652764831, Seq
696128312, Seq
466827702, Clamp
992268582, Seq
656427633, Seq
488707768, Clamp
569623233, Clamp
534524026, Clamp
852408104, Seq
704012705, Seq
535728342, Clamp
808846919, Seq
753782979, Seq
861959876, Seq
479492633, Clamp
812919277, Seq
903999092, Seq
469801569, Clamp
480003970, Clamp
705245410, Seq
834099738, Seq
761834093, Seq
502143555, Clamp
671547731, Seq
742009621, Seq
901138634, Seq
559104842, Clamp
553219924, Clamp
695949332, Seq
861773866, Seq
806828813, Seq
642791355, Seq
669047347, Seq
770249470, Seq
723731306, Seq
708797744, Seq
704500129, Seq
761489652, Seq
599177740, Clamp
575910132, Clamp
718875577, Seq
637321656, Seq
648083571, Seq
487405644, Clamp
807627066, Seq
740202932, Seq
642258974, Seq
741894708, Seq
716008621, Seq
750776506, Seq
714228701, Seq
652304219, Seq
669074640, Seq
667473785, Seq
730831464, Seq
684857201, Seq
761397389, Seq
692528669, Seq
859636693, Seq
829192375, Seq
839532478, Seq
741151617, Seq
742793622, Seq
697326722, Seq
729153084, Seq
657984709, Seq
761832412, Seq
683446765, Seq
839273756, Seq
717988688, Seq
644594173, Seq
716492058, Seq
745636919, Seq
638205354, Seq
642478957, Seq
761301546, Seq
703274727, Seq
803384938, Seq
710345218, Seq
807429099, Seq
476615310, Clamp
740177619, Seq
704402841, Seq
667472005, Seq
691497900, Seq
685379987, Seq
741137203, Seq
919724990, Seq
531339798, Clamp
653327513, Seq
935084855, Seq
697516491, Seq
732542835, Seq
685636842, Seq
580162060, Clamp
556687527, Clamp
788256204, Seq
527116037, Clamp
837115961, Seq
681793778, Seq
729368968, Seq
710730520, Seq
583836069, Clamp
703271595, Seq
469720505, Clamp
700278065, Seq
561519381, Clamp
728150511, Seq
683859949, Seq
842766700, Seq
584628220, Clamp
697810707, Seq
639881942, Seq
688970669, Seq
645375832, Seq
851016910, Seq
745088065, Seq
567431416, Clamp
524675712, Clamp
803087384, Seq
569998790, Clamp
760987165, Seq
764870999, Seq
908960935, Seq
475585451, Clamp
764464218, Seq
694162255, Seq
322515253, Clamp
804780573, Seq
808891451, Seq
598631490, Clamp
806821885, Seq
904832267, Seq
710230349, Seq
865580850, Seq
670066005, Seq
648320076, Seq
805619519, Seq
473593847, Clamp
326786924, Clamp
570280138, Clamp
809748280, Seq
843377362, Seq
843320265, Seq
757322395, Seq
708337346, Seq
837214095, Seq
844828603, Seq
700729949, Seq
701750976, Seq
639018814, Seq
562535995, Clamp
521625948, Clamp
703992393, Seq
324025297, Clamp
709219898, Seq
1003020818, Seq
673668005, Seq
720310588, Seq
562999984, Clamp
743105094, Seq
926466692, Seq
888214374, Seq
479015224, Clamp
848635223, Seq
844962386, Seq
866307762, Seq
969230654, Seq
824756017, Seq
762765191, Seq
741803504, Seq
761781833, Seq
746008562, Seq
728077517, Seq
837127659, Seq
685756168, Seq
490170480, Clamp
813448230, Seq
736247974, Seq
637362685, Seq
754528922, Seq
639016154, Seq
825552023, Seq
642833509, Seq
861733930, Seq
844919153, Seq
692083084, Seq
561552455, Clamp
795833727, Seq
817199314, Seq
679300054, Seq
891931165, Seq
566756038, Clamp
845640977, Seq
746075122, Seq
797810206, Seq
709363412, Seq
760849029, Seq
720173255, Seq
742802926, Seq
487664663, Clamp
703169690, Seq
823658063, Seq
648263389, Seq
718631381, Seq
657848681, Seq
671943738, Seq
526939383, Clamp
710867549, Seq
679462648, Seq
473974547, Clamp
708696754, Seq
658414952, Seq
574399717, Clamp
724634038, Seq
724802621, Seq
710309393, Seq
733333331, Seq
848617769, Seq
715103050, Seq
674556708, Seq
555356054, Clamp
522723828, Clamp
730734599, Seq
750748277, Seq
708791930, Seq
753963792, Seq
743114276, Seq
809642743, Seq
892547707, Seq
886335606, Seq
724161376, Seq
708389733, Seq
750766780, Seq
823318711, Seq
760811392, Seq
919052847, Seq
657514629, Seq
648852680, Seq
643269551, Seq
816314375, Seq
482444444, Clamp
483091861, Clamp
490733962, Clamp
648564602, Seq
745604062, Seq
936076264, Seq
580162374, Clamp
750824726, Seq
864296008, Seq
510395901, Clamp
838634697, Seq
652920631, Seq
751288601, Seq
577821067, Clamp
555089724, Clamp
857223181, Seq
829264801, Seq
821907565, Seq
658075752, Seq
724670298, Seq
662580082, Seq
486236426, Clamp
766097293, Seq
485639243, Clamp
694335699, Seq
740892132, Seq
750472545, Seq
742059312, Seq
639829058, Seq
738551522, Seq
717376304, Seq
809102827, Seq
759772525, Seq
705889505, Seq
694860793, Seq
760305136, Seq
660840807, Seq
326734770, Clamp
693269523, Seq
688145929, Seq
758269209, Seq
643251590, Seq
847087797, Seq
809059366, Seq
695289158, Seq
754769413, Seq
803056434, Seq
855556443, Seq
736805833, Seq
683811404, Seq
972544473, Seq
740165079, Seq
582778095, Clamp
841746820, Seq
912571270, Seq
723632259, Seq
754897161, Seq
707201871, Seq
805671482, Seq
584872371, Clamp
486754703, Clamp
926828526, Seq
815423883, Seq
837207669, Seq
808824183, Seq
750440984, Seq
819802541, Seq
859664949, Seq
483024426, Clamp
500859045, Clamp
719918282, Seq
731675250, Seq
623813235, Seq
760491928, Seq
643727534, Seq
644933511, Seq
670698462, Seq
322297406, Clamp
754549487, Seq
886464017, Seq
864315180, Seq
659095706, Seq
839819559, Seq
743458377, Seq
479415457, Clamp
766680349, Seq
759899545, Seq
672839890, Seq
661296298, Seq
658604834, Seq
501848265, Clamp
645020873, Seq
503823047, Clamp
321923685, Clamp
646764487, Seq
591250232, Clamp
685762875, Seq
555079011, Clamp
318808427, Clamp
720658177, Seq
870795975, Seq
688958418, Seq
642767494, Seq
805639828, Seq
719637133, Seq
761841088, Seq
569299459, Clamp
700357513, Seq
661319074, Seq
575774870, Clamp
754777509, Seq
485837504, Clamp
659134440, Seq
479225080, Clamp
962991503, Seq
718632464, Seq
487594856, Clamp
709402482, Seq
652516963, Seq
838358254, Seq
759675149, Seq
812935883, Seq
689123951, Seq
488448839, Clamp
507100117, Clamp
837664866, Seq
718114850, Seq
706221820, Seq
647102882, Seq
724814013, Seq
313862306, Clamp
797740330, Seq
764500049, Seq
722774792, Seq
657382231, Seq
475895240, Clamp
657999088, Seq
831129668, Seq
469801138, Clamp
739826599, Seq
569955315, Clamp
807563351, Seq
887288382, Seq
731980846, Seq
657835250, Seq
639018115, Seq
803072117, Seq
940101935, Seq
651161691, Seq
761836702, Seq
888317699, Seq
837220561, Seq
832499797, Seq
555341581, Clamp
750472605, Seq
739770568, Seq
828832398, Seq
645023727, Seq
716280227, Seq
924610453, Seq
677077832, Seq
843390051, Seq
511244283, Clamp
740877184, Seq
720722317, Seq
487663469, Clamp
761475429, Seq
842841532, Seq
700162028, Seq
805508553, Seq
803609078, Seq
527579814, Clamp
680804713, Seq
720678722, Seq
504567071, Clamp
758179526, Seq
738900477, Seq
718264660, Seq
769988665, Seq
717354644, Seq
759901440, Seq
515435668, Clamp
583148615, Clamp
708229331, Seq
842908502, Seq
671529949, Seq
524876305, Clamp
570589704, Clamp
591616101, Clamp
834784320, Seq
759458430, Seq
526801742, Clamp
772698443, Seq
759761401, Seq
724583974, Seq
648607165, Seq
789179519, Seq
766774703, Seq
484738748, Clamp
480640846, Clamp
476269122, Clamp
661236177, Seq
872555611, Seq
724616748, Seq
845462507, Seq
547262585, Clamp
554807924, Clamp
703972537, Seq
479225294, Clamp
658603337, Seq
487099387, Clamp
488770805, Clamp
720526714, Seq
825563029, Seq
723956153, Seq
815515673, Seq
469803127, Clamp
926866005, Seq
856010798, Seq
516906055, Clamp
817048962, Seq
703271625, Seq
644584749, Seq
479150681, Clamp
892504707, Seq
569710450, Clamp
564410651, Clamp
766625082, Seq
810416056, Seq
501845630, Clamp
484571248, Clamp
867765313, Seq
729429892, Seq
670326711, Seq
475545150, Clamp
925242241, Seq
327679841, Clamp
724802323, Seq
485455249, Clamp
562385794, Clamp
657675788, Seq
720695149, Seq
485835016, Clamp
718049075, Seq
766186948, Seq
739840659, Seq
643536919, Seq
764782286, Seq
693135479, Seq
761820997, Seq
490267219, Clamp
502359001, Clamp
809106828, Seq
740393842, Seq
745692039, Seq
672977850, Seq
912008949, Seq
313862274, Clamp
838350383, Seq
720223511, Seq
837064282, Seq
486776965, Clamp
856040562, Seq
988986965, Seq
817060299, Seq
746888848, Seq
954060770, Seq
673121351, Seq
670106972, Seq
854418891, Seq
716298521, Seq
485887209, Clamp
313861608, Clamp
763383591, Seq
476054829, Clamp
692314766, Seq
464191630, Clamp
708525749, Seq
796729013, Seq
639891826, Seq
855983726, Seq
760518937, Seq
752067803, Seq
395785266, Clamp
697987610, Seq
920859906, Seq
899505007, Seq
482764620, Clamp
645155357, Seq
645441139, Seq
644954299, Seq
919089515, Seq
797753852, Seq
889537011, Seq
583138230, Clamp
818656110, Seq
743770160, Seq
838479746, Seq
680779594, Seq
753733598, Seq
892482796, Seq
710818330, Seq
805674211, Seq
694146546, Seq
547238558, Clamp
517982558, Clamp
723983069, Seq
689797731, Seq
806822616, Seq
846918564, Seq
475029659, Clamp
940018318, Seq
829283610, Seq
760809918, Seq
830416717, Seq
858075806, Seq
538162646, Clamp
742728386, Seq
740853942, Seq
865674978, Seq
765921766, Seq
650484030, Seq
766591503, Seq
478586295, Clamp
642166983, Seq
478396248, Clamp
969277941, Seq
726300728, Seq
718594887, Seq
754753909, Seq
656948596, Seq
557202210, Clamp
659960546, Seq
732755070, Seq
741175551, Seq
849624777, Seq
813000460, Seq
718255020, Seq
643501564, Seq
703591588, Seq
921685533, Seq
892647916, Seq
864315831, Seq
726981718, Seq
480718588, Clamp
328031983, Clamp
569670455, Clamp
746747868, Seq
688926074, Seq
817184297, Seq
740346299, Seq
698570301, Seq
652959904, Seq
486777819, Clamp
701751335, Seq
794812190, Seq
733619834, Seq
750489990, Seq
471786879, Clamp
786176775, Seq
695316536, Seq
606346614, Clamp
992252579, Seq
842834199, Seq
754795653, Seq
652810157, Seq
658124114, Seq
727388125, Seq
762615543, Seq
694139940, Seq
327962063, Clamp
708685097, Seq
562632795, Clamp
765888079, Seq
591278744, Clamp
508275137, Clamp
322197295, Clamp
692843780, Seq
469734859, Clamp
697799017, Seq
566978098, Clamp
318553131, Clamp
648323841, Seq
557261437, Clamp
765808292, Seq
554807988, Clamp
656449594, Seq
724756081, Seq
767251829, Seq
591778248, Clamp
527463935, Clamp
741193645, Seq
680983818, Seq
679068460, Seq
759529157, Seq
845484173, Seq
651985184, Seq
699788826, Seq
681326325, Seq
794802318, Seq
648256721, Seq
718237581, Seq
779731467, Seq
873790114, Seq
815437019, Seq
847083836, Seq
818764264, Seq
668176228, Seq
767371347, Seq
750795641, Seq
657454163, Seq
796696066, Seq
488496181, Clamp
651145605, Seq
858105502, Seq
654704107, Seq
936001075, Seq
874445433, Seq
556669671, Clamp
471410185, Clamp
564349611, Clamp
718874355, Seq
751932693, Seq
850971973, Seq
810589631, Seq
642494910, Seq
759955697, Seq
657660421, Seq
689776472, Seq
743488802, Seq
475459689, Clamp
561985849, Clamp
648137894, Seq
848334195, Seq
855823375, Seq
485934207, Clamp
650173862, Seq
825555145, Seq
696136783, Seq
563002088, Clamp
488491186, Clamp
962821095, Seq
490283114, Clamp
796666943, Seq
485835055, Clamp
703232472, Seq
896582577, Seq
314529406, Clamp
674142820, Seq
673395815, Seq
679650759, Seq
475330208, Clamp
919699890, Seq
697806661, Seq
575012511, Clamp
892681445, Seq
758923132, Seq
718474941, Seq
703283610, Seq
685736302, Seq
689705007, Seq
745584401, Seq
831179799, Seq
788272115, Seq
805636186, Seq
700661679, Seq
858384285, Seq
745632724, Seq
330154280, Clamp
752000685, Seq
661514378, Seq
800227438, Seq
480171188, Clamp
660050258, Seq
757193092, Seq
728533046, Seq
569615443, Clamp
503814817, Clamp
479218494, Clamp
479492800, Clamp
766204354, Seq
764901187, Seq
354190013, Clamp
488687894, Clamp
659598755, Seq
718618263, Seq
718196458, Seq
485578197, Clamp
941935110, Seq
740890651, Seq
656721986, Seq
484457747, Clamp
871825900, Seq
644935037, Seq
708506205, Seq
692777680, Seq
817957684, Seq
715140522, Seq
650158992, Seq
992249164, Seq
596213704, Clamp
750331780, Seq
747014167, Seq
583137205, Clamp
766764831, Seq
709473109, Seq
763912380, Seq
902212242, Seq
480705931, Clamp
872248529, Seq
515511110, Clamp
652953931, Seq
858326660, Seq
894259716, Seq
756727211, Seq
568582664, Clamp
489751959, Clamp
847077193, Seq
759523021, Seq
485455219, Clamp
674144712, Seq
575772040, Clamp
723968079, Seq
704755753, Seq
746938042, Seq
754857573, Seq
713442456, Seq
488569196, Clamp
823651799, Seq
660430219, Seq
324266189, Clamp
488419491, Clamp
485577686, Clamp
987201184, Seq
826700106, Seq
697502029, Seq
843405366, Seq
866337101, Seq
846779563, Seq
536951541, Clamp
746102029, Seq
659413418, Seq
681847715, Seq
643176208, Seq
656896838, Seq
579611637, Clamp
760890074, Seq
842727624, Seq
815462585, Seq
657304069, Seq
924739827, Seq
778170169, Seq
657926526, Seq
769954422, Seq
710884224, Seq
716477575, Seq
727034950, Seq
720725635, Seq
585929192, Clamp
802404053, Seq
700413526, Seq
652306478, Seq
841770570, Seq
746917495, Seq
640111844, Seq
678411851, Seq
477930684, Clamp
505202906, Clamp
850845697, Seq
839537924, Seq
501839495, Clamp
673753671, Seq
665602299, Seq
715163712, Seq
834656368, Seq
643822811, Seq
888115032, Seq
490912243, Clamp
727279381, Seq
566559909, Clamp
675013307, Seq
704422207, Seq
845614297, Seq
858143082, Seq
947496055, Seq
894308422, Seq
764796693, Seq
855290546, Seq
661290272, Seq
723615404, Seq
644934835, Seq
476131588, Clamp
843224344, Seq
692793282, Seq
738827343, Seq
488450754, Clamp
524693113, Clamp
692309268, Seq
993272783, Seq
661401628, Seq
726339406, Seq
564438523, Clamp
652300499, Seq
480735016, Clamp
764915850, Seq
490626718, Clamp
742955763, Seq
515771244, Clamp
692651203, Seq
817199267, Seq
720682831, Seq
475623964, Clamp
397348126, Clamp
813536931, Seq
697306483, Seq
642442513, Seq
839522809, Seq
653289801, Seq
718591584, Seq
821563005, Seq
658447323, Seq
837088348, Seq
502382506, Clamp
487537399, Clamp
648139266, Seq
743013006, Seq
823833593, Seq
656839029, Seq
705266559, Seq
500963059, Clamp
693009119, Seq
626159623, Clamp
742796843, Seq
482772037, Clamp
336676216, Clamp
644957513, Seq
720681717, Seq
954045943, Seq
486500736, Clamp
958940898, Seq
755444656, Seq
527864026, Clamp
708758571, Seq
486178939, Clamp
722821551, Seq
750689113, Seq
640311818, Seq
490712265, Clamp
830959542, Seq
683782728, Seq
586088125, Clamp
750783623, Seq
703275551, Seq
547325858, Clamp
676685241, Seq
764365826, Seq
569412397, Clamp
809876626, Seq
476086391, Clamp
726357324, Seq
745736817, Seq
847741240, Seq
657959108, Seq
674537160, Seq
738745195, Seq
913936238, Seq
734691771, Seq
323788096, Clamp
718217349, Seq
485184849, Clamp
477564985, Clamp
473543792, Clamp
642124659, Seq
657661984, Seq
555898896, Clamp
660722845, Seq
724811326, Seq
324256803, Clamp
803503492, Seq
722883706, Seq
800318692, Seq
719683370, Seq
561936316, Clamp
830334248, Seq
756672253, Seq
643649645, Seq
839537077, Seq
739558698, Seq
657859611, Seq
582644380, Clamp
761486277, Seq
729269557, Seq
743041228, Seq
719101092, Seq
704411495, Seq
646431913, Seq
553231879, Clamp
560817063, Clamp
727897981, Seq
572375809, Clamp
757120969, Seq
727204412, Seq
711282684, Seq
483027960, Clamp
830348538, Seq
564692405, Clamp
327706437, Clamp
787961013, Seq
870850543, Seq
808882292, Seq
657185314, Seq
657364930, Seq
823261804, Seq
669807010, Seq
474596625, Clamp
638225388, Seq
873712332, Seq
936069667, Seq
759908509, Seq
741277279, Seq
742716700, Seq
760972305, Seq
576046388, Clamp
648593656, Seq
757309042, Seq
742963608, Seq
674587352, Seq
657179762, Seq
563175057, Clamp
699805220, Seq
614777438, Clamp
813500978, Seq
681359761, Seq
992825900, Seq
647059450, Seq
501799874, Clamp
659395808, Seq
759908886, Seq
643727497, Seq
627867607, Seq
788349250, Seq
643479119, Seq
386867406, Clamp
661500944, Seq
920770747, Seq
819864229, Seq
861837255, Seq
727238274, Seq
722891560, Seq
711369579, Seq
656993846, Seq
950034792, Seq
488686369, Clamp
579671105, Clamp
755596639, Seq
490624177, Clamp
580632959, Clamp
557998843, Clamp
808972734, Seq
731683221, Seq
515199779, Clamp
756049977, Seq
754514166, Seq
489887491, Clamp
527464013, Clamp
839524416, Seq
485060618, Clamp
674246555, Seq
763385978, Seq
805600765, Seq
743804939, Seq
479772774, Clamp
740164794, Seq
803312598, Seq
844977184, Seq
891449886, Seq
857220013, Seq
941846857, Seq
481099415, Clamp
803437462, Seq
726318946, Seq
657860437, Seq
314617802, Clamp
569286299, Clamp
746177895, Seq
473642382, Clamp
639850374, Seq
914412754, Seq
475068599, Clamp
848279397, Seq
754873245, Seq
694197913, Seq
760838675, Seq
710887122, Seq
697543249, Seq
746224396, Seq
858105879, Seq
693044826, Seq
743032543, Seq
483109334, Clamp
704047023, Seq
475888653, Clamp
328535908, Clamp
743375295, Seq
848636090, Seq
805697399, Seq
486893033, Clamp
825534003, Seq
730803523, Seq
500966656, Clamp
716556217, Seq
324522388, Clamp
650132917, Seq
656156755, Seq
522301604, Clamp
777294823, Seq
760033470, Seq
816118401, Seq
467831649, Clamp
564346637, Clamp
574914313, Clamp
717321001, Seq
762675897, Seq
758911138, Seq
803620243, Seq
488493019, Clamp
674168361, Seq
490576429, Clamp
663183797, Seq
705855283, Seq
837212120, Seq
761429710, Seq
706470043, Seq
318543876, Clamp
341016267, Clamp
321707833, Clamp
730794744, Seq
754840804, Seq
480124551, Clamp
486025194, Clamp
823281815, Seq
325158873, Clamp
569723367, Clamp
483101699, Clamp
758262960, Seq
743049614, Seq
855962521, Seq
505512874, Clamp
694898822, Seq
708545660, Seq
526668864, Clamp
657048112, Seq
770216620, Seq
685729119, Seq
718643242, Seq
480008325, Clamp
828727693, Seq
894542162, Seq
476823462, Clamp
607124114, Clamp
488681087, Clamp
743068573, Seq
800320286, Seq
522676397, Clamp
850990055, Seq
772132831, Seq
500961697, Clamp
802990210, Seq
704047351, Seq
684890631, Seq
993245688, Seq
753672187, Seq
653832102, Seq
795801013, Seq
653024481, Seq
697804311, Seq
661419440, Seq
742008238, Seq
743664739, Seq
481093098, Clamp
706191067, Seq
488688580, Clamp
768796864, Seq
858066116, Seq
753707616, Seq
757210519, Seq
482511164, Clamp
761839210, Seq
707424705, Seq
480792667, Clamp
702051128, Seq
653744562, Seq
652811224, Seq
752067932, Seq
709464905, Seq
870709669, Seq
739843300, Seq
513591094, Clamp
661296728, Seq
648582997, Seq
709459382, Seq
755615266, Seq
508911693, Clamp
807641749, Seq
478958894, Clamp
502366405, Clamp
724701355, Seq
661318431, Seq
651747470, Seq
799826452, Seq
323834998, Clamp
824792964, Seq
756109552, Seq
693085460, Seq
482726749, Clamp
858054077, Seq
651055796, Seq
703286461, Seq
754804871, Seq
678656656, Seq
397351623, Clamp
745014654, Seq
682239403, Seq
483019067, Clamp
828839040, Seq
713957719, Seq
714210189, Seq
716756437, Seq
606271263, Seq
601790961, Seq
742793678, Seq
422738880, Clamp
844134847, Seq
818635254, Seq
713245298, Seq
842834131, Seq
841240074, Seq
838515407, Seq
661407806, Seq
751229887, Seq
809113130, Seq
592816620, Clamp
954066469, Seq
559222019, Clamp
808418178, Seq
701075567, Seq
485245025, Clamp
562003059, Clamp
515249852, Clamp
648030172, Seq
487306716, Clamp
807349990, Seq
654407470, Seq
482690728, Clamp
762742145, Seq
894226862, Seq
490612844, Clamp
479728896, Clamp
858268431, Seq
746748645, Seq
654337478, Seq
740352406, Seq
763762805, Seq
502614426, Clamp
488712472, Clamp
645367717, Seq
795818519, Seq
669825158, Seq
844608786, Seq
673135724, Seq
661411305, Seq
645162257, Seq
825563578, Seq
823968176, Seq
561814552, Clamp
722795299, Seq
978690911, Seq
844103570, Seq
671822971, Seq
643501610, Seq
476198393, Clamp
763025133, Seq
691433259, Seq
855791035, Seq
645436667, Seq
726231894, Seq
727163311, Seq
568560561, Clamp
320639930, Clamp
745790070, Seq
670153271, Seq
865560932, Seq
682135792, Seq
857240658, Seq
711465105, Seq
502143149, Clamp
475751758, Clamp
870771882, Seq
689256816, Seq
841765437, Seq
711883863, Seq
717745994, Seq
808867430, Seq
817053274, Seq
745584634, Seq
760379237, Seq
796636728, Seq
864275253, Seq
753936208, Seq
623892261, Clamp
882454517, Seq
738872748, Seq
490916882, Clamp
327566447, Clamp
703238991, Seq
764744086, Seq
486472847, Clamp
844231938, Seq
701163677, Seq
759784296, Seq
834464214, Seq
800255714, Seq
726950294, Seq
703276947, Seq
742984285, Seq
857265386, Seq
656706125, Seq
711483359, Seq
767349958, Seq
750789473, Seq
772129158, Seq
898709217, Seq
647102565, Seq
718475318, Seq
935046071, Seq
844908436, Seq
898529889, Seq
714717722, Seq
728718183, Seq
657857431, Seq
727363278, Seq
704261937, Seq
593579697, Clamp
755931935, Seq
831163881, Seq
663193112, Seq
716746196, Seq
740171595, Seq
891664096, Seq
751974368, Seq
750424273, Seq
847731579, Seq
518238899, Clamp
823609338, Seq
657194483, Seq
929533489, Seq
476049169, Clamp
711483278, Seq
322723785, Clamp
809088673, Seq
517753911, Clamp
847755806, Seq
759939473, Seq
750801904, Seq
891652412, Seq
502597328, Clamp
744300204, Seq
639797308, Seq
742030579, Seq
479013100, Clamp
827347629, Seq
702027710, Seq
490718897, Clamp
760995273, Seq
874851711, Seq
480171386, Clamp
688382422, Seq
926887643, Seq
639689311, Seq
555019563, Clamp
476051620, Clamp
512319604, Clamp
665468858, Seq
738367245, Seq
322500634, Clamp
478412623, Clamp
920637175, Seq
922877472, Seq
731917470, Seq
509875338, Clamp
842721522, Seq
808416685, Seq
817188583, Seq
670709216, Seq
470098860, Clamp
651969572, Seq
888080861, Seq
813427107, Seq
650487944, Seq
720352732, Seq
819552620, Seq
758021287, Seq
803577676, Seq
642569032, Seq
658603411, Seq
665281605, Seq
758058197, Seq
670686401, Seq
733377050, Seq
703660316, Seq
476129135, Clamp
719067104, Seq
752020215, Seq
856045597, Seq
847070535, Seq
779979799, Seq
488680917, Clamp
756577499, Seq
473011949, Clamp
688897776, Seq
759544868, Seq
741183749, Seq
739757521, Seq
314800874, Clamp
708819184, Seq
807635236, Seq
681335077, Seq
520347870, Clamp
515462796, Clamp
742958342, Seq
588699048, Clamp
567354967, Clamp
940762853, Seq
759005712, Seq
950075297, Seq
698636803, Seq
685314490, Seq
705179319, Seq
482692974, Clamp
586073346, Clamp
766088528, Seq
764922670, Seq
708781717, Seq
489754156, Clamp
825256574, Seq
562381417, Clamp
661293861, Seq
714722221, Seq
720692608, Seq
843330061, Seq
510106222, Clamp
741090878, Seq
818003838, Seq
501280518, Clamp
759948182, Seq
706631307, Seq
466245544, Clamp
694734857, Seq
831988252, Seq
760876441, Seq
672918290, Seq
485955037, Clamp
924744585, Seq
712020677, Seq
534303031, Clamp
513579447, Clamp
755571201, Seq
896676603, Seq
680553572, Seq
707678952, Seq
891495976, Seq
532355382, Clamp
569955172, Clamp
738043931, Seq
714732199, Seq
515305346, Clamp
677042379, Seq
744416867, Seq
704071039, Seq
724811831, Seq
573948335, Clamp
573105010, Clamp
795684301, Seq
488430421, Clamp
771934792, Seq
709436266, Seq
741194756, Seq
476455864, Clamp
668249770, Seq
740380531, Seq
678708195, Seq
469803003, Clamp
584636981, Clamp
859665111, Seq
828707565, Seq
562530336, Clamp
583804142, Clamp
760878397, Seq
683929708, Seq
735174951, Seq
700161354, Seq
913924619, Seq
659405868, Seq
795572082, Seq
729135271, Seq
668458490, Seq
857296784, Seq
867176038, Seq
906715385, Seq
724173929, Seq
320654829, Clamp
488501071, Clamp
479722622, Clamp
661479403, Seq
828803869, Seq
504913842, Clamp
727166151, Seq
697793498, Seq
766628128, Seq
651763842, Seq
720622139, Seq
728800860, Seq
806821103, Seq
714673962, Seq
654294107, Seq
839575114, Seq
859640113, Seq
585018101, Clamp
501886192, Clamp
486196663, Clamp
708495657, Seq
828754697, Seq
746754997, Seq
596609577, Clamp
471141261, Clamp
750798367, Seq
714379428, Seq
803602696, Seq
489888847, Clamp
758828411, Seq
823830483, Seq
555354254, Clamp
726375516, Seq
723967761, Seq
762757594, Seq
669047778, Seq
842851555, Seq
694220357, Seq
815520852, Seq
750446086, Seq
565124865, Clamp
703219562, Seq
478828646, Clamp
889443943, Seq
727791672, Seq
656705176, Seq
871015146, Seq
573121877, Clamp
737379585, Seq
772506111, Seq
571233863, Clamp
867096689, Seq
742753494, Seq
596282602, Clamp
477991293, Clamp
680875031, Seq
504647603, Clamp
648585371, Seq
487638658, Clamp
727155057, Seq
314831019, Clamp
569251652, Clamp
701239541, Seq
711923209, Seq
467703703, Clamp
837578188, Seq
482493761, Clamp
488677942, Clamp
685682618, Seq
910868809, Seq
501891177, Clamp
803599821, Seq
844875592, Seq
320668841, Clamp
762519671, Seq
759719475, Seq
824696311, Seq
593448793, Clamp
942932431, Seq
527874431, Clamp
637919747, Seq
486510127, Clamp
769462681, Seq
644919379, Seq
705278421, Seq
649382312, Seq
324257146, Clamp
479225274, Clamp
567312865, Clamp
728756256, Seq
697793366, Seq
479766169, Clamp
688058099, Seq
640280740, Seq
759000404, Seq
765793664, Seq
766591236, Seq
704444653, Seq
704086017, Seq
585859704, Clamp
855981127, Seq
834086445, Seq
809656190, Seq
847045291, Seq
588695976, Clamp
754816429, Seq
710784375, Seq
855538766, Seq
680048186, Seq
745637564, Seq
718649829, Seq
643785167, Seq
770237944, Seq
808535692, Seq
803603965, Seq
526951157, Clamp
485608017, Clamp
901298950, Seq
825296663, Seq
738041476, Seq
689098357, Seq
727114502, Seq
573323612, Clamp
639216521, Seq
464368713, Clamp
642532676, Seq
652938130, Seq
839096415, Seq
799931105, Seq
657042607, Seq
852236180, Seq
475625477, Clamp
753945691, Seq
575937040, Clamp
758142335, Seq
766689751, Seq
572416871, Clamp
501282204, Clamp
678557792, Seq
667320923, Seq
724770442, Seq
572798509, Clamp
913898432, Seq
740441211, Seq
855488203, Seq
675025710, Seq
479682071, Clamp
707660063, Seq
758130953, Seq
586072188, Clamp
711438994, Seq
837221885, Seq
750242027, Seq
563180078, Clamp
772690576, Seq
724810448, Seq
746200101, Seq
485911966, Clamp
992430562, Seq
750436969, Seq
718016004, Seq
892445034, Seq
847792560, Seq
474637203, Clamp
680898048, Seq
806844075, Seq
834698594, Seq
671544471, Seq
759416712, Seq
560581448, Clamp
831968920, Seq
480169202, Clamp
325903081, Clamp
490982660, Clamp
471131311, Clamp
566517779, Clamp
602822298, Clamp
718571204, Seq
758263126, Seq
652307230, Seq
823960949, Seq
764748151, Seq
757463278, Seq
844963434, Seq
475619177, Clamp
679863446, Seq
837675888, Seq
750421132, Seq
487640196, Clamp
326508751, Clamp
689636633, Seq
693061554, Seq
962285560, Seq
732718094, Seq
659112983, Seq
661293762, Seq
692565557, Seq
648527193, Seq
485579168, Clamp
481099785, Clamp
842751222, Seq
720754651, Seq
792553279, Seq
752276388, Seq
679649396, Seq
650172921, Seq
761473866, Seq
740404536, Seq
728775704, Seq
652286698, Seq
888108541, Seq
504179737, Clamp
738453781, Seq
694212444, Seq
742947199, Seq
647084882, Seq
866315686, Seq
703213088, Seq
759529127, Seq
682320370, Seq
677042504, Seq
475465708, Clamp
638246905, Seq
740135032, Seq
553561593, Clamp
328876201, Clamp
750706642, Seq
739704046, Seq
750786807, Seq
652533530, Seq
855782996, Seq
813595834, Seq
724193531, Seq
707666602, Seq
524850271, Clamp
742016193, Seq
642842839, Seq
500879695, Clamp
845584320, Seq
584146987, Clamp
778327002, Seq
328954223, Clamp
556922061, Clamp
743782351, Seq
742800964, Seq
855499924, Seq
614767057, Clamp
488440893, Clamp
947329508, Seq
760003041, Seq
485905391, Clamp
711528753, Seq
479220013, Clamp
527869035, Clamp
490779678, Clamp
714743771, Seq
917536372, Seq
718165701, Seq
806821846, Seq
718634695, Seq
717637270, Seq
574577489, Clamp
657982828, Seq
916642385, Seq
800241734, Seq
763025510, Seq
766154723, Seq
722821387, Seq
760838583, Seq
513879001, Clamp
716325525, Seq
759440987, Seq
779879712, Seq
490386426, Clamp
743547853, Seq
810361274, Seq
685382599, Seq
829170676, Seq
490263211, Clamp
667457951, Seq
761542297, Seq
488699635, Clamp
753958280, Seq
562541627, Clamp
816462408, Seq
478795872, Clamp
841750950, Seq
321016044, Clamp
718647025, Seq
828677984, Seq
491030723, Clamp
527089085, Clamp
817167197, Seq
714953409, Seq
727351241, Seq
367567889, Clamp
750378755, Seq
866360548, Seq
490376252, Clamp
486132712, Clamp
992386952, Seq
584931329, Clamp
855995114, Seq
844737229, Seq
709421749, Seq
512322162, Clamp
476525478, Clamp
711572453, Seq
839814204, Seq
745656253, Seq
729415408, Seq
722895311, Seq
710114365, Seq
464198958, Clamp
839218629, Seq
865521037, Seq
825570888, Seq
485053941, Clamp
799929013, Seq
666214330, Seq
759532491, Seq
921933017, Seq
741170454, Seq
741175739, Seq
760041059, Seq
797019459, Seq
818792182, Seq
803601234, Seq
727823900, Seq
572609644, Clamp
650179306, Seq
645158069, Seq
488698341, Clamp
818655994, Seq
714722191, Seq
892650783, Seq
759891857, Seq
804838579, Seq
760881798, Seq
740375958, Seq
705173927, Seq
740874479, Seq
736282349, Seq
757252810, Seq
869616485, Seq
874375335, Seq
759440597, Seq
589760138, Clamp
755596851, Seq
755435736, Seq
646570718, Seq
521938313, Clamp
718883357, Seq
480268803, Clamp
603423462, Clamp
812969884, Seq
638356222, Seq
772121919, Seq
636854912, Seq
653699672, Seq
743458081, Seq
855351199, Seq
861878550, Seq
832005570, Seq
587079262, Clamp
813017346, Seq
679457550, Seq
812996960, Seq
803591738, Seq
825296874, Seq
710136447, Seq
795870832, Seq
755543366, Seq
779801880, Seq
320668879, Clamp
760013002, Seq
694205841, Seq
589441038, Clamp
502144146, Clamp
799944803, Seq
763148777, Seq
645443218, Seq
475740357, Clamp
847087757, Seq
754527431, Seq
766209012, Seq
713829667, Seq
872026690, Seq
740865726, Seq
708237126, Seq
526946319, Clamp
531121585, Clamp
637327988, Seq
711510463, Seq
697292431, Seq
675772724, Seq
867650384, Seq
661481525, Seq
904862358, Seq
648080486, Seq
558583839, Clamp
530235049, Clamp
710335225, Seq
672533301, Seq
712150175, Seq
834532283, Seq
812962736, Seq
844061243, Seq
589128508, Clamp
759909292, Seq
843270550, Seq
476104386, Clamp
830445742, Seq
673103568, Seq
752042986, Seq
504635521, Clamp
692802446, Seq
741192687, Seq
657661669, Seq
816012073, Seq
743050905, Seq
816370714, Seq
693230694, Seq
796919010, Seq
661409627, Seq
711508435, Seq
855440187, Seq
742800144, Seq
919950532, Seq
823230158, Seq
711571947, Seq
727824228, Seq
717502546, Seq
809694067, Seq
704012357, Seq
750465208, Seq
745721149, Seq
681907924, Seq
745083231, Seq
473111617, Clamp
761743293, Seq
736501576, Seq
648121494, Seq
710912956, Seq
586072464, Clamp
704769317, Seq
648836167, Seq
718476740, Seq
754896455, Seq
645074780, Seq
745657580, Seq
859098329, Seq
922942671, Seq
679447960, Seq
750405307, Seq
803616943, Seq
647508656, Seq
761826348, Seq
820945667, Seq
813536714, Seq
757541223, Seq
742963505, Seq
676757248, Seq
795530674, Seq
754804972, Seq
898682154, Seq
643143322, Seq
724812900, Seq
669764794, Seq
714932261, Seq
715072625, Seq
765143388, Seq
830850371, Seq
810354686, Seq
803569205, Seq
665478543, Seq
750162069, Seq
569407114, Clamp
481096407, Clamp
509617624, Clamp
709232477, Seq
826710259, Seq
844232846, Seq
823719680, Seq
710363006, Seq
830931428, Seq
556524816, Clamp
704768671, Seq
764901694, Seq
982628402, Seq
485912047, Clamp
640287067, Seq
623308514, Clamp
555365036, Clamp
760280955, Seq
818550823, Seq
728756295, Seq
780005520, Seq
819739061, Seq
568473665, Clamp
873615757, Seq
482491330, Clamp
813380366, Seq
673692441, Seq
469763389, Clamp
759558762, Seq
508566646, Clamp
683607340, Seq
839220920, Seq
990314084, Seq
657727121, Seq
898686122, Seq
583434059, Clamp
865589884, Seq
718207944, Seq
476144118, Clamp
747028632, Seq
653326186, Seq
710172327, Seq
891534772, Seq
569664731, Clamp
886921710, Seq
875373471, Seq
844931163, Seq
741140268, Seq
489751692, Clamp
329322109, Clamp
648330727, Seq
764902677, Seq
755417615, Seq
585952606, Clamp
571314481, Clamp
639002031, Seq
570896453, Clamp
815426725, Seq
870579773, Seq
657366321, Seq
708642436, Seq
694847737, Seq
466431949, Clamp
500864322, Clamp
891558548, Seq
716595024, Seq
513843815, Clamp
736490544, Seq
488471111, Clamp
505200218, Clamp
487668030, Clamp
623427407, Clamp
640106803, Seq
750795221, Seq
740155221, Seq
723964904, Seq
481017021, Clamp
823907738, Seq
863601503, Seq
604142045, Clamp
650177087, Seq
735167623, Seq
656426563, Seq
741908619, Seq
724805528, Seq
709427923, Seq
760294832, Seq
754514136, Seq
563620254, Clamp
958930508, Seq
739547189, Seq
732773383, Seq
763096792, Seq
809713682, Seq
510702728, Clamp
727352912, Seq
704280075, Seq
743077507, Seq
712156999, Seq
326774520, Clamp
475517157, Clamp
480648382, Clamp
577813827, Clamp
755367415, Seq
488687042, Clamp
992271641, Seq
761453524, Seq
639808649, Seq
836820758, Seq
739558458, Seq
750465238, Seq
764734091, Seq
732518824, Seq
637879731, Seq
676789476, Seq
856021805, Seq
639356925, Seq
754502546, Seq
715156169, Seq
669088423, Seq
756102373, Seq
513803975, Clamp
640319052, Seq
580639899, Clamp
682131764, Seq
329224678, Clamp
481127173, Clamp
566674875, Clamp
763983645, Seq
809006343, Seq
756659247, Seq
693220300, Seq
759948010, Seq
665220542, Seq
780471440, Seq
759502397, Seq
728815682, Seq
700420784, Seq
849595147, Seq
744096930, Seq
653025875, Seq
475622793, Clamp
855835289, Seq
711511692, Seq
746172313, Seq
708221965, Seq
488438177, Clamp
488675026, Clamp
740660643, Seq
766557154, Seq
556910601, Clamp
766049138, Seq
561330525, Clamp
762766803, Seq
566671538, Clamp
580585082, Clamp
839530923, Seq
779857432, Seq
800285940, Seq
754807659, Seq
701155312, Seq
559221786, Clamp
837560603, Seq
682177103, Seq
727727828, Seq
639962984, Seq
739539292, Seq
667492978, Seq
742784488, Seq
839527672, Seq
623891125, Seq
856013011, Seq
656147268, Seq
844649825, Seq
803392236, Seq
924745230, Seq
752086133, Seq
711464852, Seq
485490864, Clamp
903977460, Seq
753847212, Seq
850993746, Seq
863580185, Seq
480778441, Clamp
800226550, Seq
755592855, Seq
487359276, Clamp
836457236, Seq
746732672, Seq
569470171, Clamp
745638584, Seq
777371867, Seq
866994246, Seq
471789504, Clamp
825269133, Seq
809037900, Seq
731765828, Seq
570924550, Clamp
505500191, Clamp
761418394, Seq
731817645, Seq
700658027, Seq
682331689, Seq
978213102, Seq
911978894, Seq
692470904, Seq
834050047, Seq
574584859, Clamp
740872967, Seq
653024237, Seq
485880739, Clamp
485288679, Clamp
713924319, Seq
852368397, Seq
700341530, Seq
707681894, Seq
694482319, Seq
838683930, Seq
678605510, Seq
759758674, Seq
954032889, Seq
760343009, Seq
515302868, Clamp
672823119, Seq
324266146, Clamp
707352752, Seq
779776785, Seq
569810649, Clamp
522152249, Clamp
696081106, Seq
709417950, Seq
479771670, Clamp
687935998, Seq
483111429, Clamp
992026677, Seq
817989178, Seq
480266505, Clamp
527095729, Clamp
754807838, Seq
710350998, Seq
477490421, Clamp
891514933, Seq
648091488, Seq
848599640, Seq
744053590, Seq
486352114, Clamp
763375688, Seq
704670940, Seq
485834744, Clamp
707403326, Seq
730867067, Seq
648272017, Seq
760037576, Seq
922597220, Seq
709464809, Seq
910247459, Seq
698042345, Seq
942814442, Seq
704285908, Seq
755913304, Seq
688130343, Seq
669112312, Seq
745764948, Seq
742797649, Seq
502269786, Clamp
707622361, Seq
804862304, Seq
760324074, Seq
810617353, Seq
759970262, Seq
763063326, Seq
742798832, Seq
738401019, Seq
743639567, Seq
488434725, Clamp
642402500, Seq
837084094, Seq
750821449, Seq
697543032, Seq
803605276, Seq
645061418, Seq
796950055, Seq
955993945, Seq
639986522, Seq
701148434, Seq
573082177, Clamp
731397860, Seq
844178543, Seq
700193920, Seq
707147758, Seq
754527842, Seq
678708083, Seq
838401817, Seq
803462597, Seq
843216367, Seq
907474465, Seq
716307564, Seq
480183339, Clamp
841405527, Seq
738778332, Seq
864277680, Seq
815417125, Seq
828751184, Seq
922887201, Seq
718798931, Seq
708246759, Seq
669567574, Seq
502978383, Clamp
742033571, Seq
855550739, Seq
743027204, Seq
475619045, Clamp
645012440, Seq
734644382, Seq
815367809, Seq
485468180, Clamp
823745688, Seq
727766640, Seq
797087379, Seq
743803825, Seq
744203474, Seq
505804754, Clamp
886442617, Seq
341459814, Clamp
741110186, Seq
750776546, Seq
486502127, Clamp
692498211, Seq
752027250, Seq
526573598, Clamp
888088377, Seq
591748519, Clamp
800291796, Seq
746172137, Seq
762696382, Seq
554454458, Clamp
746999234, Seq
657661639, Seq
741098201, Seq
718869962, Seq
767331234, Seq
705291850, Seq
740134630, Seq
742969731, Seq
682454193, Seq
729190038, Seq
488462885, Clamp
746987571, Seq
692247628, Seq
965788994, Seq
815576447, Seq
838639200, Seq
648549105, Seq
743752378, Seq
324466858, Clamp
745633830, Seq
640263789, Seq
741230081, Seq
745063641, Seq
623185845, Clamp
639004612, Seq
760821319, Seq
825549510, Seq
697811820, Seq
717089521, Seq
850790138, Seq
314900022, Clamp
794937757, Seq
733537608, Seq
577369606, Clamp
947344218, Seq
823964038, Seq
718636190, Seq
674419902, Seq
829185764, Seq
750461799, Seq
637886938, Seq
993548473, Seq
637853303, Seq
706531340, Seq
815521003, Seq
486246801, Clamp
644994103, Seq
706159288, Seq
651098469, Seq
570589935, Clamp
701684250, Seq
485630699, Clamp
763378303, Seq
992813151, Seq
627876797, Seq
736499204, Seq
901437139, Seq
778291711, Seq
665271681, Seq
685757087, Seq
476550499, Clamp
770238038, Seq
829274220, Seq
759555764, Seq
711260951, Seq
842844583, Seq
320421014, Clamp
805603173, Seq
917609533, Seq
759671629, Seq
726138342, Seq
475542743, Clamp
645075128, Seq
813358491, Seq
844823616, Seq
587055109, Clamp
521958756, Clamp
746755089, Seq
766060336, Seq
703443928, Seq
823236692, Seq
697798908, Seq
922811478, Seq
603411614, Clamp
559387643, Clamp
738468369, Seq
754729595, Seq
864233472, Seq
993273380, Seq
611497391, Seq
746160014, Seq
707397301, Seq
713116724, Seq
486146828, Clamp
706463467, Seq
697795393, Seq
741796557, Seq
704410009, Seq
993300390, Seq
694413065, Seq
639226535, Seq
962355052, Seq
757361333, Seq
743435693, Seq
844908568, Seq
795781168, Seq
567029686, Clamp
606245618, Clamp
857332144, Seq
744865781, Seq
963063283, Seq
681863200, Seq
709480097, Seq
788939482, Seq
321893798, Clamp
713181291, Seq
720545325, Seq
972559391, Seq
922877650, Seq
809694011, Seq
561532710, Clamp
757894130, Seq
504120613, Clamp
718747922, Seq
739792780, Seq
746265346, Seq
698725237, Seq
694441917, Seq
752063316, Seq
728523077, Seq
754896300, Seq
486110216, Clamp
815586217, Seq
482521571, Clamp
661423720, Seq
682163968, Seq
574968354, Clamp
560690291, Clamp
708696471, Seq
475542907, Clamp
778144459, Seq
912256459, Seq
609485897, Clamp
683840204, Seq
759762537, Seq
992263035, Seq
556369531, Clamp
912868696, Seq
812991568, Seq
744476851, Seq
746257157, Seq
718054696, Seq
817996215, Seq
854425428, Seq
731882356, Seq
861765347, Seq
562540395, Clamp
750801763, Seq
913883108, Seq
1003305641, Seq
743718238, Seq
584632767, Clamp
604626428, Clamp
661401154, Seq
714977195, Seq
579981789, Clamp
464212183, Clamp
751288807, Seq
875020601, Seq
766674646, Seq
742041338, Seq
756672100, Seq
711876906, Seq
812951286, Seq
744222514, Seq
760372714, Seq
716855459, Seq
658424080, Seq
653327546, Seq
656151146, Seq
738429639, Seq
788349328, Seq
961105952, Seq
479905853, Clamp
829198133, Seq
713132614, Seq
485574721, Clamp
709466351, Seq
683594240, Seq
844979959, Seq
590876255, Clamp
993243528, Seq
703154406, Seq
849607081, Seq
497611660, Clamp
519749342, Clamp
851887346, Seq
718473774, Seq
486508983, Clamp
640061596, Seq
471088062, Clamp
720745045, Seq
639841063, Seq
780578676, Seq
583146274, Clamp
669817511, Seq
844282161, Seq
486875162, Clamp
805584825, Seq
760416458, Seq
738041308, Seq
717770635, Seq
837072861, Seq
582857314, Clamp
700341279, Seq
805657520, Seq
732765167, Seq
817195225, Seq
741960645, Seq
479091820, Clamp
969323151, Seq
679250089, Seq
795608159, Seq
325919795, Clamp
705710648, Seq
652956700, Seq
689248006, Seq
708792108, Seq
906763900, Seq
659280391, Seq
862449566, Seq
475622680, Clamp
703158517, Seq
481004298, Clamp
898697809, Seq
889235347, Seq
724633921, Seq
557203722, Clamp
645059162, Seq
806842472, Seq
657675492, Seq
786251343, Seq
754759234, Seq
869512878, Seq
758978675, Seq
657859005, Seq
738041530, Seq
838370571, Seq
564359799, Clamp
476451456, Clamp
647045788, Seq
606517484, Clamp
750462319, Seq
482744155, Clamp
764897598, Seq
858305576, Seq
683483424, Seq
760949922, Seq
685477002, Seq
855782702, Seq
515264431, Clamp
711464976, Seq
674559170, Seq
855946205, Seq
486896849, Clamp
501845152, Clamp
478499902, Clamp
889271408, Seq
702100037, Seq
740695122, Seq
504613416, Clamp
962212550, Seq
866257279, Seq
519517188, Clamp
762652214, Seq
697810838, Seq
716473635, Seq
480122859, Clamp
828817220, Seq
718202813, Seq
682128272, Seq
484659182, Clamp
572609025, Clamp
583140327, Clamp
705585853, Seq
472517038, Clamp
756499370, Seq
800276204, Seq
572609946, Clamp
564410881, Clamp
639395418, Seq
586366106, Clamp
716560189, Seq
744173435, Seq
836837280, Seq
704759096, Seq
750421101, Seq
704242323, Seq
488674910, Clamp
710847377, Seq
485182362, Clamp
497583188, Clamp
763883561, Seq
823681740, Seq
644256576, Seq
764897253, Seq
797771399, Seq
553006549, Clamp
593436526, Clamp
715106551, Seq
855414991, Seq
320455763, Clamp
653031614, Seq
764753738, Seq
718654090, Seq
488430487, Clamp
839118825, Seq
794940971, Seq
586078695, Clamp
718657362, Seq
603402458, Clamp
313861934, Clamp
564409183, Clamp
488695444, Clamp
639210975, Seq
838616920, Seq
670666224, Seq
830396905, Seq
844962435, Seq
720545711, Seq
703231431, Seq
895740736, Seq
934799128, Seq
894252193, Seq
744150787, Seq
572804610, Clamp
478058328, Clamp
488677318, Clamp
656705216, Seq
645056411, Seq
796696588, Seq
574067499, Clamp
581394360, Clamp
778314327, Seq
766751371, Seq
649387261, Seq
898703349, Seq
803462246, Seq
761822060, Seq
508272216, Clamp
806853844, Seq
584635215, Clamp
563373346, Clamp
763054878, Seq
843276148, Seq
647102202, Seq
760864077, Seq
859068129, Seq
674251116, Seq
742982110, Seq
485287944, Clamp
800315854, Seq
738873268, Seq
481093525, Clamp
478888083, Clamp
702082762, Seq
692824134, Seq
815377185, Seq
874471721, Seq
892400880, Seq
761753472, Seq
760029391, Seq
488708322, Clamp
759744765, Seq
484509440, Clamp
720323976, Seq
489719193, Clamp
626103966, Seq
703213182, Seq
673082762, Seq
750794115, Seq
566760952, Clamp
780766638, Seq
563028422, Clamp
745095018, Seq
809668298, Seq
579626068, Clamp
966886454, Seq
987138425, Seq
859655091, Seq
490283519, Clamp
530349764, Clamp
490601284, Clamp
644134947, Seq
818023203, Seq
739594128, Seq
763901001, Seq
586073895, Clamp
710345047, Seq
476056333, Clamp
705593515, Seq
652305423, Seq
841852405, Seq
959173123, Seq
590975447, Clamp
648881660, Seq
502665074, Clamp
764726542, Seq
755265909, Seq
692821749, Seq
708289788, Seq
327648537, Clamp
750467051, Seq
927833265, Seq
892472771, Seq
743731114, Seq
536306115, Clamp
593054045, Clamp
518271679, Clamp
484559000, Clamp
488501487, Clamp
745636875, Seq
504615116, Clamp
761820827, Seq
833851224, Seq
795563325, Seq
714517612, Seq
709179855, Seq
567266985, Clamp
764479836, Seq
764879591, Seq
486146717, Clamp
489888898, Clamp
475057898, Clamp
691511791, Seq
680108584, Seq
821882938, Seq
813441106, Seq
554447280, Clamp
647041020, Seq
757139742, Seq
859652686, Seq
653327067, Seq
746924803, Seq
844686842, Seq
483083617, Clamp
697810063, Seq
759513794, Seq
555251867, Clamp
824840538, Seq
705887968, Seq
313861828, Clamp
742022294, Seq
717646732, Seq
482435718, Clamp
810500014, Seq
570626702, Clamp
817169015, Seq
886482499, Seq
838434691, Seq
706544221, Seq
704985586, Seq
718492407, Seq
679512991, Seq
750746530, Seq
866267921, Seq
318331342, Clamp
488697163, Clamp
652953971, Seq
488683322, Clamp
657959536, Seq
703133631, Seq
758002124, Seq
709461711, Seq
710889545, Seq
839575161, Seq
767356004, Seq
808475329, Seq
605060256, Seq
502829071, Clamp
497560724, Clamp
709447918, Seq
758027440, Seq
727181668, Seq
657830169, Seq
676732261, Seq
668337999, Seq
859660174, Seq
744454952, Seq
653199987, Seq
813001473, Seq
714668641, Seq
672346340, Seq
806725741, Seq
714405422, Seq
736493069, Seq
715092854, Seq
502193385, Clamp
758978501, Seq
713899652, Seq
704276233, Seq
844128819, Seq
757545275, Seq
665286365, Seq
710336632, Seq
767343510, Seq
590907673, Clamp
978205949, Seq
731743339, Seq
517077548, Clamp
478447600, Clamp
778336832, Seq
680752163, Seq
488543754, Clamp
480963429, Clamp
800233598, Seq
862596299, Seq
717393031, Seq
945121810, Seq
718656998, Seq
767304980, Seq
659700506, Seq
724603706, Seq
637329085, Seq
761304075, Seq
764013030, Seq
487400838, Clamp
734651498, Seq
679532137, Seq
761835389, Seq
888001481, Seq
648091351, Seq
658448683, Seq
717738370, Seq
697521591, Seq
647842659, Seq
731733715, Seq
639862877, Seq
864291647, Seq
555345752, Clamp
754447289, Seq
858252803, Seq
865597654, Seq
574038330, Clamp
707179690, Seq
844806161, Seq
759924594, Seq
487353993, Clamp
644933725, Seq
818575975, Seq
501850666, Clamp
524857207, Clamp
694474022, Seq
474660482, Clamp
668319974, Seq
825522397, Seq
716859364, Seq
601811091, Seq
323838579, Clamp
574993444, Clamp
666209423, Seq
701737170, Seq
763786170, Seq
731705048, Seq
503595332, Clamp
756109037, Seq
810324360, Seq
805625255, Seq
478891084, Clamp
609775336, Clamp
836584127, Seq
830467557, Seq
893570447, Seq
584635140, Clamp
471819401, Clamp
586071425, Clamp
703963200, Seq
669154876, Seq
816480728, Seq
688133055, Seq
763937221, Seq
717113701, Seq
320880293, Clamp
809105260, Seq
575001377, Clamp
657052370, Seq
756100795, Seq
837080471, Seq
692296799, Seq
503286448, Clamp
714046391, Seq
992825872, Seq
993257597, Seq
657857340, Seq
757192824, Seq
323777372, Clamp
760939897, Seq
741255530, Seq
804902647, Seq
473601979, Clamp
321707905, Clamp
643922784, Seq
688152462, Seq
889610568, Seq
324053519, Clamp
505847801, Clamp
510702304, Clamp
718552831, Seq
490772223, Clamp
567901050, Clamp
750757147, Seq
560690405, Clamp
513514828, Clamp
701077452, Seq
740377439, Seq
719108203, Seq
759457825, Seq
764341238, Seq
571379507, Clamp
839580927, Seq
562731565, Clamp
756074718, Seq
726982093, Seq
518623704, Clamp
797061939, Seq
739605177, Seq
679475427, Seq
847876759, Seq
744405042, Seq
724162025, Seq
820917420, Seq
691719142, Seq
753678257, Seq
761832372, Seq
557679003, Clamp
872054508, Seq
724790111, Seq
479298821, Clamp
859621160, Seq
511247944, Clamp
713747705, Seq
718246985, Seq
993276835, Seq
795796672, Seq
469992918, Clamp
639689999, Seq
803075341, Seq
592712536, Clamp
